<?xml version="1.0" encoding="UTF-8"?>
<project-private xmlns="http://www.netbeans.org/ns/project-private/1">
    <editor-bookmarks xmlns="http://www.netbeans.org/ns/editor-bookmarks/2" lastBookmarkId="0"/>
    <open-files xmlns="http://www.netbeans.org/ns/projectui-open-files/2">
        <group>
            <file>file:/C:/Users/Juanito/Documents/GitHub/Procesos_Servicos/Ejercicio1T2/src/ejercicio1/Ruleta.java</file>
            <file>file:/C:/Users/Juanito/Documents/GitHub/Procesos_Servicos/Ejercicio1T2/src/ejercicio1/Jugador.java</file>
            <file>file:/C:/Users/Juanito/Documents/GitHub/Procesos_Servicos/Ejercicio1T2/src/ejercicio1/JugadorParImpar.java</file>
            <file>file:/C:/Users/Juanito/Documents/GitHub/Procesos_Servicos/Ejercicio1T2/src/ejercicio1/JugadorNumero.java</file>
            <file>file:/C:/Users/Juanito/Documents/GitHub/Procesos_Servicos/Ejercicio1T2/src/ejercicio1/Banca.java</file>
            <file>file:/C:/Users/Juanito/Documents/GitHub/Procesos_Servicos/Ejercicio1T2/src/ejercicio1/Casino.java</file>
        </group>
    </open-files>
</project-private>
